route,total_passengers,total_revenue,revenue_per_passenger
AAQ ↔ EGO,8610,68020200,7900.139372822299
AAQ ↔ SVO,10626,154633600,14552.380952380952
ABA ↔ DME,1955,88060900,45043.93861892583
ABA ↔ OVB,901,5225800,5800.0
ABA ↔ TOF,948,4645200,4900.0
AER ↔ EGO,387,3250800,8400.0
AER ↔ GOJ,410,5980000,14585.365853658537
AER ↔ KGP,212,7919500,37356.1320754717
AER ↔ KJA,1120,59557300,53176.16071428572
AER ↔ KUF,11614,185180900,15944.627174100224
AER ↔ NOZ,644,26872000,41726.70807453416
AER ↔ ROV,4957,26446900,5335.263264071011
AER ↔ SVO,29816,516307500,17316.457606654145
AER ↔ VKO,15656,271258900,17326.194430250383
ARH ↔ DME,3667,37340700,10182.901554404145
ARH ↔ HMA,919,13799600,15015.886833514689
ARH ↔ NNM,3928,26143900,6655.779022403259
ARH ↔ PEE,908,9988000,11000.0
ARH ↔ TJM,482,7525400,15612.863070539419
ARH ↔ TOF,494,12714000,25736.842105263157
ASF ↔ BAX,981,26090800,26596.12640163099
ASF ↔ DME,2081,26001200,12494.569918308505
ASF ↔ SVO,2163,28330900,13097.96578825705
BAX ↔ DME,1830,67362700,36810.21857923497
BAX ↔ SVO,1905,69738000,36607.87401574803
BAX ↔ VKO,1913,70901800,37063.14688970204
BQS ↔ KHV,4115,31036200,7542.21142162819
BTK ↔ DME,5397,283126900,52460.05188067445
BZK ↔ DME,9349,39964300,4274.7138731415125
BZK ↔ EGO,6147,25428000,4136.652025378234
BZK ↔ SVO,10543,48913900,4639.466944892346
BZK ↔ VKO,6615,27261900,4121.224489795918
CEE ↔ LED,209,919600,4400.0
CEE ↔ NOZ,187,6700700,35832.62032085562
CEK ↔ DME,7852,145912600,18582.857870606214
CEK ↔ IKT,911,31328600,34389.24259055982
CEK ↔ PEE,2674,11879100,4442.445774121167
CEK ↔ STW,854,15316800,17935.36299765808
CEK ↔ SWT,44,492800,11200.0
CEK ↔ VOG,7619,130674700,17151.16156975981
CNN ↔ DME,933,62548200,67039.87138263666
CNN ↔ MJZ,306,2662200,8700.0
CSY ↔ LED,6823,92883600,13613.307929063461
CSY ↔ NBC,3012,9405900,3122.808764940239
CSY ↔ SVO,7667,59342800,7740.028694404591
CSY ↔ VKO,2633,16726500,6352.6395746297
DME ↔ EGO,6156,41578700,6754.1747888239115
DME ↔ ESL,6590,90854500,13786.722306525038
DME ↔ GDZ,1362,16617000,12200.44052863436
DME ↔ GRV,1170,17196000,14697.435897435897
DME ↔ HMA,5660,135517400,23943.003533568906
DME ↔ KEJ,2243,83870600,37392.15336602764
DME ↔ KGD,7729,106481100,13776.827532669167
DME ↔ KHV,19013,1487276100,78224.16767474885
DME ↔ KRO,326,5648600,17326.993865030676
DME ↔ KRR,16618,245475300,14771.651221566975
DME ↔ KUF,13050,136111100,10429.969348659004
DME ↔ KVX,690,5313000,7700.0
DME ↔ KZN,14202,136811900,9633.284044500775
DME ↔ LED,19382,172852700,8918.207615313177
DME ↔ MCX,3410,53921000,15812.609970674486
DME ↔ MRV,9385,145286100,15480.671283963771
DME ↔ NAL,2283,31966400,14001.927288655279
DME ↔ NJC,3729,86832200,23285.652990077768
DME ↔ NNM,1124,17555500,15618.772241992883
DME ↔ NSK,7199,258964400,35972.27392693429
DME ↔ NUX,6423,190443500,29650.241320255333
DME ↔ NYM,1780,38949400,21881.685393258427
DME ↔ OVB,31305,1079722600,34490.42006069318
DME ↔ OVS,8106,164734700,20322.563533185294
DME ↔ PES,1380,10432400,7559.710144927536
DME ↔ PEZ,576,3052800,5300.0
DME ↔ PKC,2856,252158600,88290.82633053222
DME ↔ ROV,6166,75627200,12265.196237431073
DME ↔ RTW,2338,16490600,7053.293413173653
DME ↔ SCW,13394,173750600,12972.271166193817
DME ↔ TBW,888,3285600,3700.0
DME ↔ TOF,2404,86562500,36007.69550748752
DME ↔ ULV,8319,69752200,8384.685659334054
DME ↔ URJ,8035,168146900,20926.807716241445
DME ↔ URS,2074,10916400,5263.452266152362
DME ↔ USK,189,2989800,15819.047619047618
DME ↔ UUA,3122,29926000,9585.522101217168
DME ↔ UUS,4197,372617400,88781.84417441029
DME ↔ VKT,4189,80229400,19152.39914060635
DME ↔ VOZ,2191,9053900,4132.314011866728
DYR ↔ KHV,572,23166700,40501.22377622378
DYR ↔ SVO,546,44103100,80774.90842490843
ESL ↔ KGD,481,9270700,19273.804573804573
ESL ↔ LED,481,8521700,17716.63201663202
ESL ↔ SVO,639,7476300,11700.0
ESL ↔ UFA,5968,91348800,15306.434316353887
GDX ↔ MRV,414,37273900,90033.57487922705
GDX ↔ SCW,409,25395800,62092.42053789731
GDZ ↔ SVO,1365,17486300,12810.47619047619
GDZ ↔ VKO,663,8216100,12392.307692307691
GOJ ↔ LED,5357,59820700,11166.828448758633
GOJ ↔ NAL,1536,21855600,14228.90625
GOJ ↔ PEE,3230,30976300,9590.185758513931
GOJ ↔ SVO,8196,40833100,4982.076622742801
HMA ↔ NUX,624,4118400,6600.0
HMA ↔ SVX,4315,36065900,8358.261877172654
HMA ↔ VKO,2152,41901600,19471.00371747212
HTA ↔ NUX,2290,59298000,25894.323144104805
HTA ↔ UFA,721,36068600,50025.79750346741
IJK ↔ SVO,1442,14382800,9974.202496532595
IKT ↔ KZN,9800,465865200,47537.26530612245
IKT ↔ LED,13759,815653300,59281.43760447707
IKT ↔ MJZ,97,1246400,12849.484536082475
IKT ↔ VVO,860,19773000,22991.86046511628
KEJ ↔ SVO,2189,82649000,37756.50982183646
KEJ ↔ VKO,1108,44013500,39723.375451263535
KGD ↔ KRR,500,8607800,17215.6
KGD ↔ SVO,7971,101077200,12680.617237485887
KGP ↔ NUX,654,2877600,4400.0
KHV ↔ LED,12766,1006423100,78836.21337928873
KHV ↔ UIK,800,19179200,23974.0
KHV ↔ UUS,594,3504600,5900.0
KHV ↔ VVO,7893,61210200,7754.998099581908
KJA ↔ KRO,4184,70862400,16936.520076481836
KJA ↔ NOZ,188,827200,4400.0
KJA ↔ OVB,684,4309200,6300.0
KJA ↔ OVS,5040,110133000,21851.785714285714
KJA ↔ SVO,9266,416379800,44936.304770127346
KLF ↔ LED,608,4195200,6900.0
KRO ↔ SVO,340,5953800,17511.176470588234
KRO ↔ VKO,4184,74250400,17746.271510516253
KRR ↔ NOZ,186,7836000,42129.032258064515
KRR ↔ ULV,10342,158685400,15343.782633919938
KVX ↔ KZN,7951,31864700,4007.6342598415295
KVX ↔ LED,8370,114229000,13647.431302270012
KVX ↔ OVB,8385,214826500,25620.333929636254
KVX ↔ SVO,8428,81365800,9654.22401518747
KXK ↔ SVX,767,47484100,61908.865710560625
KZN ↔ LED,3442,52522400,15259.267867518884
KZN ↔ MQF,1685,11205000,6649.851632047477
KZN ↔ MRV,195,2639000,13533.333333333334
KZN ↔ ROV,140,1582000,11300.0
LED ↔ NJC,1201,30132400,25089.425478767695
LED ↔ NOJ,519,12339600,23775.7225433526
LED ↔ OVS,76,1390000,18289.473684210527
LED ↔ REN,880,15874400,18039.090909090908
LED ↔ SVO,31885,254899200,7994.329622079347
LED ↔ TBW,394,4097600,10400.0
LED ↔ TJM,2002,41012300,20485.664335664336
LED ↔ VKO,21735,182319800,8388.304577869796
LED ↔ VOZ,745,7895500,10597.986577181207
LED ↔ YKS,1274,83088500,65218.602825745686
MCX ↔ MRV,7921,39731200,5015.932331776291
MCX ↔ SVO,11381,221423000,19455.49600210878
MJZ ↔ OVB,769,15242400,19821.06631989597
MJZ ↔ SVO,5923,293191600,49500.523383420565
MJZ ↔ SVX,11,445500,40500.0
MJZ ↔ YKS,3882,31693800,8164.296754250387
MMK ↔ SVO,4042,73427700,18166.180108857003
MMK ↔ VKO,1804,26919700,14922.228381374724
MQF ↔ OVB,1724,27119400,15730.510440835267
MQF ↔ SVX,4391,17674400,4025.142336597586
MQF ↔ VKO,2074,29247400,14101.928640308583
MRV ↔ PEE,5549,122655600,22104.090827176067
NBC ↔ OMS,411,5594000,13610.705596107056
NBC ↔ ROV,265,3290700,12417.735849056604
NBC ↔ SCW,676,4799600,7100.0
NFG ↔ SVO,713,15023500,21070.827489481067
NFG ↔ VKO,215,4580000,21302.325581395347
NJC ↔ OVS,3740,26014600,6955.775401069519
NNM ↔ SVO,4455,67344000,15116.498316498317
NOJ ↔ NUX,847,2795100,3300.0
NOJ ↔ SVO,1150,25852000,22480.0
NOJ ↔ VKO,1061,24162600,22773.421300659757
NOZ ↔ OVB,9180,34549600,3763.5729847494554
NSK ↔ SVX,7278,174642900,23996.001648804617
NUX ↔ SVO,4701,136698300,29078.557753669433
NYA ↔ SVO,243,4234500,17425.925925925927
NYM ↔ UUD,1430,35575400,24877.902097902097
OGZ ↔ SVO,3030,46089000,15210.89108910891
OGZ ↔ VKO,1767,32549900,18420.996038483307
OMS ↔ SVO,4746,133029400,28029.793510324485
OMS ↔ VKO,2399,54650800,22780.65860775323
OMS ↔ VKT,4061,60548000,14909.628170401378
OVB ↔ PEE,10049,224953000,22385.61050850831
OVB ↔ SGC,515,4624900,8980.388349514564
OVB ↔ SLY,3881,60282600,15532.749291419737
OVB ↔ SVO,25997,904181600,34780.22848790245
OVS ↔ SGC,4157,25728400,6189.174885734905
OVS ↔ SVO,4895,98519300,20126.516853932586
OVS ↔ UFA,177,1566600,8850.847457627118
PEE ↔ SVX,7274,29222200,4017.3494638438274
PEE ↔ ULV,7991,63146100,7902.1524214741585
PEE ↔ VKO,25946,374771200,14444.276574423804
PES ↔ SVO,1043,7092400,6800.0
PES ↔ TJM,2988,54529200,18249.397590361445
PES ↔ VKO,3672,26629500,7252.0424836601305
PEZ ↔ SVO,588,3410400,5800.0
REN ↔ UFA,4294,13416100,3124.3828598043783
REN ↔ UUA,4003,14534000,3630.776917312016
REN ↔ VKO,5668,89868000,15855.328158080452
RGK ↔ SVO,183,7245500,39592.89617486339
ROV ↔ SVO,11622,135756700,11681.010153157804
ROV ↔ VOG,6181,29408000,4757.806180229736
RTW ↔ ULY,799,3116100,3900.0
RTW ↔ VKO,1197,9048900,7559.649122807017
SCW ↔ SVX,12198,114401600,9378.717822593868
SGC ↔ SVX,4629,50824800,10979.650032404406
SKX ↔ SVO,1521,8273400,5439.447731755424
SKX ↔ VKO,712,3814400,5357.303370786517
SLY ↔ VKO,1066,21157900,19847.93621013133
STW ↔ SVO,1694,21363500,12611.275088547816
STW ↔ VKO,822,10117200,12308.029197080292
SVO ↔ SVX,31312,556222600,17763.879662749107
SVO ↔ TJM,8195,174367700,21277.32763880415
SVO ↔ TOF,3959,143099000,36145.23869664057
SVO ↔ UFA,15942,238865500,14983.408606197465
SVO ↔ ULV,5809,51867100,8928.748493716646
SVO ↔ ULY,1071,8003800,7473.202614379085
SVO ↔ USK,188,2900400,15427.659574468085
SVO ↔ UUA,1636,16167800,9882.518337408314
SVO ↔ UUS,5178,458787600,88603.24449594438
SVO ↔ VKT,272,5126300,18846.691176470587
SVO ↔ VOG,8683,101212700,11656.420591961303
SVX ↔ UIK,800,19840000,24800.0
TJM ↔ UCT,227,2150800,9474.88986784141
TJM ↔ URJ,8031,33204800,4134.578508280413
TOF ↔ VOG,589,21293200,36151.44312393888
UCT ↔ UFA,337,3336300,9900.0
ULV ↔ VKO,4753,43014600,9049.989480328213
UUD ↔ VKO,737,43826400,59465.94301221167
VKO ↔ VOG,7101,80121900,11283.185466835657
VKO ↔ VVO,3547,291118700,82074.626444883
