route,economy_tickets,comfort_tickets,business_tickets,total_tickets,economy_share,comfort_share,business_share
AAQ <-> EGO,7537,0,1073,8610,87.53774680603948,0.0,12.46225319396051
AAQ <-> SVO,9626,0,1000,10626,90.58912102390363,0.0,9.410878976096368
ABA <-> DME,1629,0,326,1955,83.32480818414322,0.0,16.675191815856778
ABA <-> OVB,901,0,0,901,100.0,0.0,0.0
ABA <-> TOF,948,0,0,948,100.0,0.0,0.0
AER <-> EGO,387,0,0,387,100.0,0.0,0.0
AER <-> GOJ,410,0,0,410,100.0,0.0,0.0
AER <-> KGP,189,0,23,212,89.15094339622641,0.0,10.849056603773585
AER <-> KJA,920,0,200,1120,82.14285714285714,0.0,17.857142857142858
AER <-> KUF,10543,0,1071,11614,90.77837093163423,0.0,9.221629068365765
AER <-> NOZ,590,0,54,644,91.61490683229813,0.0,8.385093167701864
AER <-> ROV,4310,0,647,4957,86.94775065563849,0.0,13.052249344361508
AER <-> SVO,24005,3608,2203,29816,80.51046418030587,12.100885430641267,7.388650389052858
AER <-> VKO,13549,0,2107,15656,86.54190086867655,0.0,13.458099131323454
ARH <-> DME,3667,0,0,3667,100.0,0.0,0.0
ARH <-> HMA,919,0,0,919,100.0,0.0,0.0
ARH <-> NNM,3928,0,0,3928,100.0,0.0,0.0
ARH <-> PEE,908,0,0,908,100.0,0.0,0.0
ARH <-> TJM,482,0,0,482,100.0,0.0,0.0
ARH <-> TOF,494,0,0,494,100.0,0.0,0.0
ASF <-> BAX,981,0,0,981,100.0,0.0,0.0
ASF <-> DME,2081,0,0,2081,100.0,0.0,0.0
ASF <-> SVO,2163,0,0,2163,100.0,0.0,0.0
BAX <-> DME,1592,0,238,1830,86.99453551912568,0.0,13.005464480874318
BAX <-> SVO,1669,0,236,1905,87.61154855643044,0.0,12.388451443569554
BAX <-> VKO,1669,0,244,1913,87.24516466283325,0.0,12.754835337166753
BQS <-> KHV,3597,0,518,4115,87.41190765492102,0.0,12.58809234507898
BTK <-> DME,4411,0,986,5397,81.73059106911246,0.0,18.26940893088753
BZK <-> DME,8192,0,1157,9349,87.62434484971655,0.0,12.375655150283453
BZK <-> EGO,5383,0,764,6147,87.5711729298845,0.0,12.428827070115503
BZK <-> SVO,9235,0,1308,10543,87.59366404249265,0.0,12.406335957507352
BZK <-> VKO,5808,0,807,6615,87.80045351473923,0.0,12.19954648526077
CEE <-> LED,209,0,0,209,100.0,0.0,0.0
CEE <-> NOZ,169,0,18,187,90.37433155080214,0.0,9.62566844919786
CEK <-> DME,6872,0,980,7852,87.51910341314316,0.0,12.480896586856852
CEK <-> IKT,808,0,103,911,88.69374313940725,0.0,11.306256860592754
CEK <-> PEE,2674,0,0,2674,100.0,0.0,0.0
CEK <-> STW,854,0,0,854,100.0,0.0,0.0
CEK <-> SWT,44,0,0,44,100.0,0.0,0.0
CEK <-> VOG,6683,0,936,7619,87.71492321827012,0.0,12.285076781729884
CNN <-> DME,777,0,156,933,83.27974276527331,0.0,16.720257234726688
CNN <-> MJZ,306,0,0,306,100.0,0.0,0.0
CSY <-> LED,5986,0,837,6823,87.73266891396746,0.0,12.267331086032538
CSY <-> NBC,3012,0,0,3012,100.0,0.0,0.0
CSY <-> SVO,6727,0,940,7667,87.73966349289162,0.0,12.260336507108386
CSY <-> VKO,2633,0,0,2633,100.0,0.0,0.0
DME <-> EGO,5392,0,764,6156,87.5893437296946,0.0,12.410656270305392
DME <-> ESL,5772,0,818,6590,87.58725341426403,0.0,12.412746585735963
DME <-> GDZ,1362,0,0,1362,100.0,0.0,0.0
DME <-> GRV,1170,0,0,1170,100.0,0.0,0.0
DME <-> HMA,4956,0,704,5660,87.5618374558304,0.0,12.438162544169613
DME <-> KEJ,1967,0,276,2243,87.6950512706197,0.0,12.304948729380294
DME <-> KGD,6773,0,956,7729,87.63100012938284,0.0,12.368999870617156
DME <-> KHV,16462,0,2551,19013,86.58286435596698,0.0,13.41713564403303
DME <-> KRO,326,0,0,326,100.0,0.0,0.0
DME <-> KRR,14366,0,2252,16618,86.44842941388855,0.0,13.551570586111444
DME <-> KUF,11289,0,1761,13050,86.50574712643679,0.0,13.494252873563218
DME <-> KVX,690,0,0,690,100.0,0.0,0.0
DME <-> KZN,11834,0,2368,14202,83.32629207153921,0.0,16.67370792846078
DME <-> LED,16211,0,3171,19382,83.63945929212672,0.0,16.360540707873284
DME <-> MCX,3410,0,0,3410,100.0,0.0,0.0
DME <-> MRV,8508,0,877,9385,90.6553010122536,0.0,9.344698987746405
DME <-> NAL,2283,0,0,2283,100.0,0.0,0.0
DME <-> NJC,3729,0,0,3729,100.0,0.0,0.0
DME <-> NNM,1124,0,0,1124,100.0,0.0,0.0
DME <-> NSK,6304,0,895,7199,87.5677177385748,0.0,12.432282261425199
DME <-> NUX,5597,0,826,6423,87.13996574809279,0.0,12.86003425190721
DME <-> NYM,1780,0,0,1780,100.0,0.0,0.0
DME <-> OVB,25235,3719,2351,31305,80.61012617792684,11.879891391151572,7.5099824309215775
DME <-> OVS,7100,0,1006,8106,87.58943992104614,0.0,12.41056007895386
DME <-> PES,1380,0,0,1380,100.0,0.0,0.0
DME <-> PEZ,576,0,0,576,100.0,0.0,0.0
DME <-> PKC,2429,0,427,2856,85.04901960784314,0.0,14.950980392156863
DME <-> ROV,5155,0,1011,6166,83.6036328251703,0.0,16.396367174829713
DME <-> RTW,2338,0,0,2338,100.0,0.0,0.0
DME <-> SCW,11597,0,1797,13394,86.5835448708377,0.0,13.41645512916231
DME <-> TBW,888,0,0,888,100.0,0.0,0.0
DME <-> TOF,2115,0,289,2404,87.9783693843594,0.0,12.0216306156406
DME <-> ULV,7303,0,1016,8319,87.78699362904196,0.0,12.213006370958048
DME <-> URJ,7035,0,1000,8035,87.55444928438084,0.0,12.445550715619166
DME <-> URS,1817,0,257,2074,87.60848601735776,0.0,12.391513982642238
DME <-> USK,189,0,0,189,100.0,0.0,0.0
DME <-> UUA,3122,0,0,3122,100.0,0.0,0.0
DME <-> UUS,3506,0,691,4197,83.53585894686681,0.0,16.46414105313319
DME <-> VKT,4189,0,0,4189,100.0,0.0,0.0
DME <-> VOZ,2191,0,0,2191,100.0,0.0,0.0
DYR <-> KHV,482,0,90,572,84.26573426573427,0.0,15.734265734265735
DYR <-> SVO,463,0,83,546,84.7985347985348,0.0,15.2014652014652
ESL <-> KGD,481,0,0,481,100.0,0.0,0.0
ESL <-> LED,481,0,0,481,100.0,0.0,0.0
ESL <-> SVO,639,0,0,639,100.0,0.0,0.0
ESL <-> UFA,5223,0,745,5968,87.51675603217159,0.0,12.483243967828418
GDX <-> MRV,344,0,70,414,83.09178743961353,0.0,16.908212560386474
GDX <-> SCW,354,0,55,409,86.55256723716381,0.0,13.447432762836186
GDZ <-> SVO,1365,0,0,1365,100.0,0.0,0.0
GDZ <-> VKO,663,0,0,663,100.0,0.0,0.0
GOJ <-> LED,4684,0,673,5357,87.4369983199552,0.0,12.563001680044803
GOJ <-> NAL,1536,0,0,1536,100.0,0.0,0.0
GOJ <-> PEE,2819,0,411,3230,87.27554179566563,0.0,12.724458204334365
GOJ <-> SVO,7199,0,997,8196,87.83552952659835,0.0,12.164470473401659
HMA <-> NUX,624,0,0,624,100.0,0.0,0.0
HMA <-> SVX,3797,0,518,4315,87.99536500579374,0.0,12.004634994206258
HMA <-> VKO,2152,0,0,2152,100.0,0.0,0.0
HTA <-> NUX,2290,0,0,2290,100.0,0.0,0.0
HTA <-> UFA,598,0,123,721,82.94036061026353,0.0,17.05963938973648
IJK <-> SVO,1442,0,0,1442,100.0,0.0,0.0
IKT <-> KZN,8118,0,1682,9800,82.83673469387756,0.0,17.16326530612245
IKT <-> LED,11481,0,2278,13759,83.44356421251544,0.0,16.556435787484556
IKT <-> MJZ,97,0,0,97,100.0,0.0,0.0
IKT <-> VVO,860,0,0,860,100.0,0.0,0.0
KEJ <-> SVO,1908,0,281,2189,87.16308816811329,0.0,12.836911831886708
KEJ <-> VKO,935,0,173,1108,84.38628158844766,0.0,15.613718411552346
KGD <-> KRR,500,0,0,500,100.0,0.0,0.0
KGD <-> SVO,7246,0,725,7971,90.9045289173253,0.0,9.095471082674695
KGP <-> NUX,654,0,0,654,100.0,0.0,0.0
KHV <-> LED,11067,0,1699,12766,86.69121102929657,0.0,13.30878897070343
KHV <-> UIK,800,0,0,800,100.0,0.0,0.0
KHV <-> UUS,594,0,0,594,100.0,0.0,0.0
KHV <-> VVO,6915,0,978,7893,87.60927404028887,0.0,12.390725959711137
KJA <-> KRO,4184,0,0,4184,100.0,0.0,0.0
KJA <-> NOZ,188,0,0,188,100.0,0.0,0.0
KJA <-> OVB,684,0,0,684,100.0,0.0,0.0
KJA <-> OVS,4410,0,630,5040,87.5,0.0,12.5
KJA <-> SVO,7660,0,1606,9266,82.66781782862076,0.0,17.332182171379234
KLF <-> LED,608,0,0,608,100.0,0.0,0.0
KRO <-> SVO,340,0,0,340,100.0,0.0,0.0
KRO <-> VKO,4184,0,0,4184,100.0,0.0,0.0
KRR <-> NOZ,168,0,18,186,90.32258064516128,0.0,9.67741935483871
KRR <-> ULV,8982,0,1360,10342,86.84973892864049,0.0,13.150261071359504
KVX <-> KZN,6982,0,969,7951,87.81285372909068,0.0,12.18714627090932
KVX <-> LED,7341,0,1029,8370,87.70609318996416,0.0,12.293906810035843
KVX <-> OVB,7337,0,1048,8385,87.50149075730471,0.0,12.49850924269529
KVX <-> SVO,7381,0,1047,8428,87.57712387280495,0.0,12.422876127195064
KXK <-> SVX,658,0,109,767,85.78878748370273,0.0,14.21121251629726
KZN <-> LED,3018,0,424,3442,87.68158047646718,0.0,12.31841952353283
KZN <-> MQF,1685,0,0,1685,100.0,0.0,0.0
KZN <-> MRV,195,0,0,195,100.0,0.0,0.0
KZN <-> ROV,140,0,0,140,100.0,0.0,0.0
LED <-> NJC,1201,0,0,1201,100.0,0.0,0.0
LED <-> NOJ,519,0,0,519,100.0,0.0,0.0
LED <-> OVS,76,0,0,76,100.0,0.0,0.0
LED <-> REN,880,0,0,880,100.0,0.0,0.0
LED <-> SVO,26699,0,5186,31885,83.73529872981025,0.0,16.264701270189743
LED <-> TBW,394,0,0,394,100.0,0.0,0.0
LED <-> TJM,2002,0,0,2002,100.0,0.0,0.0
LED <-> VKO,18176,0,3559,21735,83.62548884288015,0.0,16.374511157119855
LED <-> VOZ,745,0,0,745,100.0,0.0,0.0
LED <-> YKS,1055,0,219,1274,82.81004709576139,0.0,17.189952904238616
MCX <-> MRV,6937,0,984,7921,87.57732609519,0.0,12.422673904809999
MCX <-> SVO,10343,0,1038,11381,90.87953606888675,0.0,9.12046393111326
MJZ <-> OVB,769,0,0,769,100.0,0.0,0.0
MJZ <-> SVO,5366,0,557,5923,90.59598176599695,0.0,9.40401823400304
MJZ <-> SVX,9,0,2,11,81.81818181818183,0.0,18.181818181818183
MJZ <-> YKS,3882,0,0,3882,100.0,0.0,0.0
MMK <-> SVO,3526,0,516,4042,87.2340425531915,0.0,12.76595744680851
MMK <-> VKO,1804,0,0,1804,100.0,0.0,0.0
MQF <-> OVB,1724,0,0,1724,100.0,0.0,0.0
MQF <-> SVX,4391,0,0,4391,100.0,0.0,0.0
MQF <-> VKO,2074,0,0,2074,100.0,0.0,0.0
MRV <-> PEE,4855,0,694,5549,87.4932420255902,0.0,12.506757974409805
NBC <-> OMS,411,0,0,411,100.0,0.0,0.0
NBC <-> ROV,265,0,0,265,100.0,0.0,0.0
NBC <-> SCW,676,0,0,676,100.0,0.0,0.0
NFG <-> SVO,713,0,0,713,100.0,0.0,0.0
NFG <-> VKO,215,0,0,215,100.0,0.0,0.0
NJC <-> OVS,3740,0,0,3740,100.0,0.0,0.0
NNM <-> SVO,4455,0,0,4455,100.0,0.0,0.0
NOJ <-> NUX,847,0,0,847,100.0,0.0,0.0
NOJ <-> SVO,1150,0,0,1150,100.0,0.0,0.0
NOJ <-> VKO,1061,0,0,1061,100.0,0.0,0.0
NOZ <-> OVB,8054,0,1126,9180,87.73420479302833,0.0,12.265795206971678
NSK <-> SVX,6361,0,917,7278,87.40038472107722,0.0,12.599615278922782
NUX <-> SVO,4118,0,583,4701,87.59838332269729,0.0,12.401616677302702
NYA <-> SVO,243,0,0,243,100.0,0.0,0.0
NYM <-> UUD,1430,0,0,1430,100.0,0.0,0.0
OGZ <-> SVO,3030,0,0,3030,100.0,0.0,0.0
OGZ <-> VKO,1549,0,218,1767,87.6627051499717,0.0,12.337294850028297
OMS <-> SVO,4163,0,583,4746,87.71597134428994,0.0,12.284028655710072
OMS <-> VKO,2399,0,0,2399,100.0,0.0,0.0
OMS <-> VKT,4061,0,0,4061,100.0,0.0,0.0
OVB <-> PEE,8309,0,1740,10049,82.68484426311076,0.0,17.315155736889242
OVB <-> SGC,515,0,0,515,100.0,0.0,0.0
OVB <-> SLY,3881,0,0,3881,100.0,0.0,0.0
OVB <-> SVO,20808,3200,1989,25997,80.04000461591723,12.309112589914221,7.650882794168558
OVS <-> SGC,3774,0,383,4157,90.78662496993024,0.0,9.213375030069763
OVS <-> SVO,4298,0,597,4895,87.80388151174668,0.0,12.19611848825332
OVS <-> UFA,177,0,0,177,100.0,0.0,0.0
PEE <-> SVX,6348,0,926,7274,87.26972779763541,0.0,12.730272202364587
PEE <-> ULV,6995,0,996,7991,87.53597797522212,0.0,12.464022024777876
PEE <-> VKO,20945,3057,1944,25946,80.72535265551531,11.78216295382718,7.49248439065752
PES <-> SVO,1043,0,0,1043,100.0,0.0,0.0
PES <-> TJM,2988,0,0,2988,100.0,0.0,0.0
PES <-> VKO,3672,0,0,3672,100.0,0.0,0.0
PEZ <-> SVO,588,0,0,588,100.0,0.0,0.0
REN <-> UFA,4294,0,0,4294,100.0,0.0,0.0
REN <-> UUA,4003,0,0,4003,100.0,0.0,0.0
REN <-> VKO,4976,0,692,5668,87.79110797459421,0.0,12.208892025405788
RGK <-> SVO,159,0,24,183,86.88524590163934,0.0,13.114754098360656
ROV <-> SVO,10539,0,1083,11622,90.68146618482189,0.0,9.31853381517811
ROV <-> VOG,5404,0,777,6181,87.42921857304643,0.0,12.570781426953568
RTW <-> ULY,799,0,0,799,100.0,0.0,0.0
RTW <-> VKO,1197,0,0,1197,100.0,0.0,0.0
SCW <-> SVX,11074,0,1124,12198,90.78537465158223,0.0,9.214625348417774
SGC <-> SVX,4068,0,561,4629,87.88075178224238,0.0,12.119248217757615
SKX <-> SVO,1521,0,0,1521,100.0,0.0,0.0
SKX <-> VKO,712,0,0,712,100.0,0.0,0.0
SLY <-> VKO,1066,0,0,1066,100.0,0.0,0.0
STW <-> SVO,1694,0,0,1694,100.0,0.0,0.0
STW <-> VKO,822,0,0,822,100.0,0.0,0.0
SVO <-> SVX,25271,3707,2334,31312,80.7070771589167,11.838911599386817,7.454011241696475
SVO <-> TJM,7188,0,1007,8195,87.71201952410006,0.0,12.28798047589994
SVO <-> TOF,3480,0,479,3959,87.90098509724677,0.0,12.09901490275322
SVO <-> UFA,13810,0,2132,15942,86.62652113912934,0.0,13.373478860870655
SVO <-> ULV,5081,0,728,5809,87.46772249956963,0.0,12.532277500430366
SVO <-> ULY,1071,0,0,1071,100.0,0.0,0.0
SVO <-> USK,188,0,0,188,100.0,0.0,0.0
SVO <-> UUA,1636,0,0,1636,100.0,0.0,0.0
SVO <-> UUS,4322,0,856,5178,83.46852066434917,0.0,16.531479335650832
SVO <-> VKT,272,0,0,272,100.0,0.0,0.0
SVO <-> VOG,7599,0,1084,8683,87.51583554071173,0.0,12.484164459288264
SVX <-> UIK,800,0,0,800,100.0,0.0,0.0
TJM <-> UCT,227,0,0,227,100.0,0.0,0.0
TJM <-> URJ,7019,0,1012,8031,87.39882953554975,0.0,12.601170464450256
TOF <-> VOG,510,0,79,589,86.5874363327674,0.0,13.412563667232597
UCT <-> UFA,337,0,0,337,100.0,0.0,0.0
ULV <-> VKO,4150,0,603,4753,87.31327582579424,0.0,12.686724174205766
UUD <-> VKO,613,0,124,737,83.17503392130257,0.0,16.824966078697422
VKO <-> VOG,6213,0,888,7101,87.4947190536544,0.0,12.505280946345584
VKO <-> VVO,3066,0,481,3547,86.4392444319143,0.0,13.560755568085705
